Workbook

Sheet Summary_Overview
A1: 全ロット製造歩留まり・不良総合一覧表
A3: LOT_No | B3: start (yyyy/mm/dd) | C3: end (yyyy/mm/dd) | D3: Total (pcs) | E3: pass (pcs) | F3: fail (pcs) | G3: Target (%) | H3: yield (%) | I3: CAT1 | J3: CAT2 | K3: CAT3 | L3: CAT4 | M3: CAT5 | N3: CAT6 | O3: CAT7 | P3: CAT8 | Q3: CAT9 | R3: CAT10 | S3: Worst 5
A4: =LOT_NO_aaa001!A3 -> aaa001 | B4: =LOT_NO_aaa001!B3 -> 2026-01-01 | C4: =LOT_NO_aaa001!C3 -> 2026-01-03 | D4: =LOT_NO_aaa001!D3 -> 10000 | E4: =LOT_NO_aaa001!E3 -> 9924 | F4: =LOT_NO_aaa001!F3 -> 76 | G4: =LOT_NO_aaa001!G3 -> 0.85 | H4: =LOT_NO_aaa001!H3 -> 0.9924 | I4: =LOT_NO_aaa001!C7 -> 21 | J4: =LOT_NO_aaa001!C8 -> 22 | K4: =LOT_NO_aaa001!C9 -> 8 | L4: =LOT_NO_aaa001!C10 -> 0 | M4: =LOT_NO_aaa001!C11 -> 6 | N4: =LOT_NO_aaa001!C12 -> 7 | O4: =LOT_NO_aaa001!C13 -> 5 | P4: =LOT_NO_aaa001!C14 -> 0 | Q4: =LOT_NO_aaa001!C15 -> 7 | R4: =LOT_NO_aaa001!C16 -> 0 | S4: Tno.234=8 | T4: Tno.212=7 | U4: Tno.145=6 | V4: Tno.110=4 | W4: Tno.552=4
A5: =LOT_NO_bbb002!A3 -> bbb002 | B5: =LOT_NO_bbb002!B3 -> 2026-01-04 | C5: =LOT_NO_bbb002!C3 -> 2026-01-06 | D5: =LOT_NO_bbb002!D3 -> 10000 | E5: =LOT_NO_bbb002!E3 -> 9679 | F5: =LOT_NO_bbb002!F3 -> 321 | G5: =LOT_NO_bbb002!G3 -> 0.85 | H5: =LOT_NO_bbb002!H3 -> 0.9679 | I5: =LOT_NO_bbb002!$C7 -> 260 | J5: =LOT_NO_bbb002!$C8 -> 12 | K5: =LOT_NO_bbb002!$C9 -> 5 | L5: =LOT_NO_bbb002!$C10 -> 8 | M5: =LOT_NO_bbb002!$C11 -> 13 | N5: =LOT_NO_bbb002!$C12 -> 6 | O5: =LOT_NO_bbb002!$C13 -> 9 | P5: =LOT_NO_bbb002!$C14 -> 3 | Q5: =LOT_NO_bbb002!$C15 -> 3 | R5: =LOT_NO_bbb002!$C16 -> 2 | S5: Tno.189=14 | T5: Tno.112=11 | U5: Tno.255=10 | V5: Tno.504=6 | W5: Tno.578=4
A6: =LOT_NO_ccc003!A3 -> ccc003 | B6: =LOT_NO_ccc003!B3 -> 2026-01-07 | C6: =LOT_NO_ccc003!C3 -> 2026-01-09 | D6: =LOT_NO_ccc003!D3 -> 10000 | E6: =LOT_NO_ccc003!E3 -> 9964 | F6: =LOT_NO_ccc003!F3 -> 36 | G6: =LOT_NO_ccc003!G3 -> 0.85 | H6: =LOT_NO_ccc003!H3 -> 0.9964 | I6: =LOT_NO_ccc003!$C7 -> 8 | J6: =LOT_NO_ccc003!$C8 -> 4 | K6: =LOT_NO_ccc003!$C9 -> 6 | L6: =LOT_NO_ccc003!$C10 -> 4 | M6: =LOT_NO_ccc003!$C11 -> 3 | N6: =LOT_NO_ccc003!$C12 -> 2 | O6: =LOT_NO_ccc003!$C13 -> 2 | P6: =LOT_NO_ccc003!$C14 -> 3 | Q6: =LOT_NO_ccc003!$C15 -> 2 | R6: =LOT_NO_ccc003!$C16 -> 2 | S6: Tno.115=3 | T6: Tno.178=2 | U6: Tno.233=2 | V6: Tno.201=2 | W6: Tno.555=2
A7: =LOT_NO_ddd004!A3 -> ddd004 | B7: =LOT_NO_ddd004!B3 -> 2026-01-10 | C7: =LOT_NO_ddd004!C3 -> 2026-01-12 | D7: =LOT_NO_ddd004!D3 -> 10000 | E7: =LOT_NO_ddd004!E3 -> 9817 | F7: =LOT_NO_ddd004!F3 -> 183 | G7: =LOT_NO_ddd004!G3 -> 0.85 | H7: =LOT_NO_ddd004!H3 -> 0.9817 | I7: =LOT_NO_ddd004!$C7 -> 52 | J7: =LOT_NO_ddd004!$C8 -> 51 | K7: =LOT_NO_ddd004!$C9 -> 11 | L7: =LOT_NO_ddd004!$C10 -> 12 | M7: =LOT_NO_ddd004!$C11 -> 8 | N7: =LOT_NO_ddd004!$C12 -> 14 | O7: =LOT_NO_ddd004!$C13 -> 3 | P7: =LOT_NO_ddd004!$C14 -> 22 | Q7: =LOT_NO_ddd004!$C15 -> 10 | R7: =LOT_NO_ddd004!$C16 -> 0 | S7: Tno.154=22 | T7: Tno.102=18 | U7: Tno.267=16 | V7: Tno.221=14 | W7: Tno.333=8
A8: =LOT_NO_eee005!A3 -> eee005 | B8: =LOT_NO_eee005!B3 -> 2026-01-13 | C8: =LOT_NO_eee005!C3 -> 2026-01-15 | D8: =LOT_NO_eee005!D3 -> 10000 | E8: =LOT_NO_eee005!E3 -> 9944 | F8: =LOT_NO_eee005!F3 -> 56 | G8: =LOT_NO_eee005!G3 -> 0.85 | H8: =LOT_NO_eee005!H3 -> 0.9944 | I8: =LOT_NO_eee005!$C7 -> 15 | J8: =LOT_NO_eee005!$C8 -> 13 | K8: =LOT_NO_eee005!$C9 -> 12 | L8: =LOT_NO_eee005!$C10 -> 1 | M8: =LOT_NO_eee005!$C11 -> 3 | N8: =LOT_NO_eee005!$C12 -> 6 | O8: =LOT_NO_eee005!$C13 -> 2 | P8: =LOT_NO_eee005!$C14 -> 0 | Q8: =LOT_NO_eee005!$C15 -> 3 | R8: =LOT_NO_eee005!$C16 -> 1 | S8: Tno.254=6 | T8: Tno.145=5 | U8: Tno.210=4 | V8: Tno.321=4 | W8: Tno.112=3

Sheet LOT_NO_aaa001
A1: LOT aaa001 統合データサマリー
A2: LOT_No | B2: start (yyyy/mm/dd) | C2: end (yyyy/mm/dd) | D2: Total (pcs) | E2: pass (pcs) | F2: fail (pcs) | G2: Target (%) | H2: yield (%)
A3: aaa001 | B3: 2026-01-01 | C3: 2026-01-03 | D3: 10000 | E3: =D3-F3 -> 9924 | F3: =SUM(C7:C16) -> 76 | G3: 0.85 | H3: =E3/D3 -> 0.9924
A5: カテゴリ別 不良集計リスト
A6: Category | B6: Tno 範囲 | C6: 不良数量 (pcs)
A7: CAT1 | B7: Tno.100 - Tno.199 | C7: 21
A8: CAT2 | B8: Tno.200 - Tno.299 | C8: 22
A9: CAT3 | B9: Tno.300 - Tno.399 | C9: 8
A10: CAT4 | B10: Tno.400 - Tno.499 | C10: 0
A11: CAT5 | B11: Tno.500 - Tno.599 | C11: 6
A12: CAT6 | B12: Tno.600 - Tno.699 | C12: 7
A13: CAT7 | B13: Tno.700 - Tno.799 | C13: 5
A14: CAT8 | B14: Tno.800 - Tno.849 | C14: 0
A15: CAT9 | B15: Tno.850 - Tno.899 | C15: 7
A16: CAT10 | B16: Tno.900 - Tno.949 | C16: 0
A18: 不良発生内訳明細一覧 (数量順)
A19: 順位 | B19: 不良項目 (Tno) | C19: 発生数量 (pcs) | D19: 所属カテゴリ
A20: No.1 | B20: Tno.234 | C20: 8 | D20: CAT2
A21: No.2 | B21: Tno.212 | C21: 7 | D21: CAT2
A22: No.3 | B22: Tno.145 | C22: 6 | D22: CAT1
A23: No.4 | B23: Tno.110 | C23: 4 | D23: CAT1
A24: No.5 | B24: Tno.552 | C24: 4 | D24: CAT5
A25: No.6 | B25: Tno.217 | C25: 3 | D25: CAT2
A26: No.7 | B26: Tno.126 | C26: 3 | D26: CAT1
A27: No.8 | B27: Tno.864 | C27: 3 | D27: CAT9
A28: No.9 | B28: Tno.385 | C28: 3 | D28: CAT3
A29: No.10 | B29: Tno.859 | C29: 3 | D29: CAT9
A30: No.11 | B30: Tno.663 | C30: 3 | D30: CAT6
A31: No.12 | B31: Tno.354 | C31: 2 | D31: CAT3
... A49: No.30 | B49: Tno.721 | C49: 1 | D49: CAT7

Sheet LOT_NO_bbb002
A1: LOT bbb002 統合データサマリー
A2: LOT_No | B2: start (yyyy/mm/dd) | C2: end (yyyy/mm/dd) | D2: Total (pcs) | E2: pass (pcs) | F2: fail (pcs) | G2: Target (%) | H2: yield (%)
A3: bbb002 | B3: 2026-01-04 | C3: 2026-01-06 | D3: 10000 | E3: =D3-F3 -> 9679 | F3: =SUM(C7:C16) -> 321 | G3: 0.85 | H3: =E3/D3 -> 0.9679
A5: カテゴリ別 不良集計リスト
A6: Category | B6: Tno 範囲 | C6: 不良数量 (pcs)
A7: CAT1 | B7: Tno.100 - Tno.199 | C7: 260
A8: CAT2 | B8: Tno.200 - Tno.299 | C8: 12
A9: CAT3 | B9: Tno.300 - Tno.399 | C9: 5
A10: CAT4 | B10: Tno.400 - Tno.499 | C10: 8
A11: CAT5 | B11: Tno.500 - Tno.599 | C11: 13
A12: CAT6 | B12: Tno.600 - Tno.699 | C12: 6
A13: CAT7 | B13: Tno.700 - Tno.799 | C13: 9
A14: CAT8 | B14: Tno.800 - Tno.849 | C14: 3
A15: CAT9 | B15: Tno.850 - Tno.899 | C15: 3
A16: CAT10 | B16: Tno.900 - Tno.949 | C16: 2
A18: 不良発生内訳明細一覧 (数量順)
A19: 順位 | B19: 不良項目 (Tno) | C19: 発生数量 (pcs) | D19: 所属カテゴリ
A20: No.1 | B20: Tno.189 | C20: 140 | D20: CAT1
A21: No.2 | B21: Tno.112 | C21: 110 | D21: CAT1
A22: No.3 | B22: Tno.255 | C22: 10 | D22: CAT2
A23: No.4 | B23: Tno.504 | C23: 6 | D23: CAT5
A24: No.5 | B24: Tno.578 | C24: 4 | D24: CAT5
A25: No.6 | B25: Tno.574 | C25: 3 | D25: CAT5
A26: No.7 | B26: Tno.403 | C26: 3 | D26: CAT4
A27: No.8 | B27: Tno.738 | C27: 3 | D27: CAT7
A28: No.9 | B28: Tno.473 | C28: 3 | D28: CAT4
A29: No.10 | B29: Tno.696 | C29: 3 | D29: CAT6
A30: No.11 | B30: Tno.826 | C30: 3 | D30: CAT8
A31: No.12 | B31: Tno.172 | C31: 3 | D31: CAT1
... A49: No.30 | B49: Tno.399 | C49: 1 | D49: CAT3

Sheet LOT_NO_ccc003
A1: LOT ccc003 統合データサマリー
A2: LOT_No | B2: start (yyyy/mm/dd) | C2: end (yyyy/mm/dd) | D2: Total (pcs) | E2: pass (pcs) | F2: fail (pcs) | G2: Target (%) | H2: yield (%)
A3: ccc003 | B3: 2026-01-07 | C3: 2026-01-09 | D3: 10000 | E3: =D3-F3 -> 9964 | F3: =SUM(C7:C16) -> 36 | G3: 0.85 | H3: =E3/D3 -> 0.9964
A5: カテゴリ別 不良集計リスト
A6: Category | B6: Tno 範囲 | C6: 不良数量 (pcs)
A7: CAT1 | B7: Tno.100 - Tno.199 | C7: 8
A8: CAT2 | B8: Tno.200 - Tno.299 | C8: 4
A9: CAT3 | B9: Tno.300 - Tno.399 | C9: 6
A10: CAT4 | B10: Tno.400 - Tno.499 | C10: 4
A11: CAT5 | B11: Tno.500 - Tno.599 | C11: 3
A12: CAT6 | B12: Tno.600 - Tno.699 | C12: 2
A13: CAT7 | B13: Tno.700 - Tno.799 | C13: 2
A14: CAT8 | B14: Tno.800 - Tno.849 | C14: 3
A15: CAT9 | B15: Tno.850 - Tno.899 | C15: 2
A16: CAT10 | B16: Tno.900 - Tno.949 | C16: 2
A18: 不良発生内訳明細一覧 (数量順)
A19: 順位 | B19: 不良項目 (Tno) | C19: 発生数量 (pcs) | D19: 所属カテゴリ
A20: No.1 | B20: Tno.115 | C20: 3 | D20: CAT1
A21: No.2 | B21: Tno.178 | C21: 2 | D21: CAT1
A22: No.3 | B22: Tno.233 | C22: 2 | D22: CAT2
A23: No.4 | B23: Tno.201 | C23: 2 | D23: CAT2
A24: No.5 | B24: Tno.555 | C24: 2 | D24: CAT5
A25: No.6 | B25: Tno.492 | C25: 1 | D25: CAT4
A26: No.7 | B26: Tno.380 | C26: 1 | D26: CAT3
A27: No.8 | B27: Tno.760 | C27: 1 | D27: CAT7
A28: No.9 | B28: Tno.809 | C28: 1 | D28: CAT8
A29: No.10 | B29: Tno.675 | C29: 1 | D29: CAT6
A30: No.11 | B30: Tno.328 | C30: 1 | D30: CAT3
A31: No.12 | B31: Tno.806 | C31: 1 | D31: CAT8
... A49: No.30 | B49: Tno.776 | C49: 1 | D49: CAT7

Sheet LOT_NO_ddd004
A1: LOT ddd004 統合データサマリー
A2: LOT_No | B2: start (yyyy/mm/dd) | C2: end (yyyy/mm/dd) | D2: Total (pcs) | E2: pass (pcs) | F2: fail (pcs) | G2: Target (%) | H2: yield (%)
A3: ddd004 | B3: 2026-01-10 | C3: 2026-01-12 | D3: 10000 | E3: =D3-F3 -> 9817 | F3: =SUM(C7:C16) -> 183 | G3: 0.85 | H3: =E3/D3 -> 0.9817
A5: カテゴリ別 不良集計リスト
A6: Category | B6: Tno 範囲 | C6: 不良数量 (pcs)
A7: CAT1 | B7: Tno.100 - Tno.199 | C7: 52
A8: CAT2 | B8: Tno.200 - Tno.299 | C8: 51
A9: CAT3 | B9: Tno.300 - Tno.399 | C9: 11
A10: CAT4 | B10: Tno.400 - Tno.499 | C10: 12
A11: CAT5 | B11: Tno.500 - Tno.599 | C11: 8
A12: CAT6 | B12: Tno.600 - Tno.699 | C12: 14
A13: CAT7 | B13: Tno.700 - Tno.799 | C13: 3
A14: CAT8 | B14: Tno.800 - Tno.849 | C14: 22
A15: CAT9 | B15: Tno.850 - Tno.899 | C15: 10
A16: CAT10 | B16: Tno.900 - Tno.949 | C16: 0
A18: 不良発生内訳明細一覧 (数量順)
A19: 順位 | B19: 不良項目 (Tno) | C19: 発生数量 (pcs) | D19: 所属カテゴリ
A20: No.1 | B20: Tno.154 | C20: 22 | D20: CAT1
A21: No.2 | B21: Tno.102 | C21: 18 | D21: CAT1
A22: No.3 | B22: Tno.267 | C22: 16 | D22: CAT2
A23: No.4 | B23: Tno.221 | C23: 14 | D23: CAT2
A24: No.5 | B24: Tno.333 | C24: 8 | D24: CAT3
A25: No.6 | B25: Tno.112 | C25: 7 | D25: CAT1
A26: No.7 | B26: Tno.219 | C26: 7 | D26: CAT2
A27: No.8 | B27: Tno.453 | C27: 7 | D27: CAT4
A28: No.9 | B28: Tno.550 | C28: 7 | D28: CAT5
A29: No.10 | B29: Tno.286 | C29: 7 | D29: CAT2
A30: No.11 | B30: Tno.624 | C30: 7 | D30: CAT6
A31: No.12 | B31: Tno.801 | C31: 6 | D31: CAT8
... A49: No.30 | B49: Tno.617 | C49: 1 | D49: CAT6

Sheet LOT_NO_eee005
A1: LOT eee005 統合データサマリー
A2: LOT_No | B2: start (yyyy/mm/dd) | C2: end (yyyy/mm/dd) | D2: Total (pcs) | E2: pass (pcs) | F2: fail (pcs) | G2: Target (%) | H2: yield (%)
A3: eee005 | B3: 2026-01-13 | C3: 2026-01-15 | D3: 10000 | E3: =D3-F3 -> 9944 | F3: =SUM(C7:C16) -> 56 | G3: 0.85 | H3: =E3/D3 -> 0.9944
A5: カテゴリ別 不良集計リスト
A6: Category | B6: Tno 範囲 | C6: 不良数量 (pcs)
A7: CAT1 | B7: Tno.100 - Tno.199 | C7: 15
A8: CAT2 | B8: Tno.200 - Tno.299 | C8: 13
A9: CAT3 | B9: Tno.300 - Tno.399 | C9: 12
A10: CAT4 | B10: Tno.400 - Tno.499 | C10: 1
A11: CAT5 | B11: Tno.500 - Tno.599 | C11: 3
A12: CAT6 | B12: Tno.600 - Tno.699 | C12: 6
A13: CAT7 | B13: Tno.700 - Tno.799 | C13: 2
A14: CAT8 | B14: Tno.800 - Tno.849 | C14: 0
A15: CAT9 | B15: Tno.850 - Tno.899 | C15: 3
A16: CAT10 | B16: Tno.900 - Tno.949 | C16: 1
A18: 不良発生内訳明細一覧 (数量順)
A19: 順位 | B19: 不良項目 (Tno) | C19: 発生数量 (pcs) | D19: 所属カテゴリ
A20: No.1 | B20: Tno.254 | C20: 6 | D20: CAT2
A21: No.2 | B21: Tno.145 | C21: 5 | D21: CAT1
A22: No.3 | B22: Tno.210 | C22: 4 | D22: CAT2
A23: No.4 | B23: Tno.321 | C23: 4 | D23: CAT3
A24: No.5 | B24: Tno.112 | C24: 3 | D24: CAT1
A25: No.6 | B25: Tno.350 | C25: 2 | D25: CAT3
A26: No.7 | B26: Tno.161 | C26: 2 | D26: CAT1
A27: No.8 | B27: Tno.351 | C27: 2 | D27: CAT3
A28: No.9 | B28: Tno.685 | C28: 2 | D28: CAT6
A29: No.10 | B29: Tno.182 | C29: 2 | D29: CAT1
A30: No.11 | B30: Tno.172 | C30: 2 | D30: CAT1
A31: No.12 | B31: Tno.376 | C31: 2 | D31: CAT3
... A49: No.30 | B49: Tno.726 | C49: 1 | D49: CAT7
